State,All,Tornado,Wind,Hail,Year,Month
0,31,5,23,3,0,1
2,1,0,1,0,0,1
3,16,1,15,0,0,1
4,7,4,2,1,0,1
9,39,3,36,0,0,1
12,3,0,3,0,0,1
13,8,3,5,0,0,1
15,2,0,0,2,0,1
16,5,1,4,0,0,1
17,3,0,1,2,0,1
21,1,0,1,0,0,1
23,26,4,19,3,0,1
24,35,0,22,13,0,1
30,1,1,0,0,0,1
31,2,0,2,0,0,1
32,4,0,4,0,0,1
34,2,1,1,0,0,1
35,5,0,3,2,0,1
39,9,1,8,0,0,1
41,7,2,5,0,0,1
42,9,0,3,6,0,1
0,8,4,4,0,3,11
3,1,0,1,0,3,11
6,6,0,6,0,3,11
7,2,0,2,0,3,11
8,19,8,11,0,3,11
9,1,1,0,0,3,11
11,4,0,4,0,3,11
15,1,0,0,1,3,11
17,31,20,10,1,3,11
18,6,0,6,0,3,11
19,9,0,9,0,3,11
20,2,0,2,0,3,11
23,57,38,19,0,3,11
25,1,0,1,0,3,11
28,10,0,10,0,3,11
29,1,0,1,0,3,11
31,20,0,20,0,3,11
32,1,0,1,0,3,11
35,8,3,1,4,3,11
42,48,19,22,7,3,11
43,1,0,1,0,3,11
45,8,0,8,0,3,11
0,2,0,2,0,2,8
2,17,0,11,6,2,8
3,11,0,10,1,2,8
4,10,2,6,2,2,8
5,21,0,18,3,2,8
6,5,1,4,0,2,8
7,2,0,2,0,2,8
8,7,1,5,1,2,8
9,5,0,5,0,2,8
11,20,0,17,3,2,8
12,44,1,30,13,2,8
13,7,0,7,0,2,8
14,16,0,15,1,2,8
15,24,0,8,16,2,8
16,9,0,9,0,2,8
17,3,0,3,0,2,8
18,12,0,12,0,2,8
19,38,6,32,0,2,8
20,10,1,9,0,2,8
21,94,0,69,25,2,8
22,58,3,33,22,2,8
23,23,0,23,0,2,8
24,15,0,13,2,2,8
25,3,0,3,0,2,8
26,11,0,5,6,2,8
27,3,0,3,0,2,8
28,18,0,12,6,2,8
29,22,4,18,0,2,8
30,6,0,5,1,2,8
31,48,1,45,2,2,8
32,9,0,8,1,2,8
33,6,0,1,5,2,8
34,5,0,5,0,2,8
35,22,0,17,5,2,8
36,1,0,1,0,2,8
37,64,7,55,2,2,8
38,1,0,1,0,2,8
39,5,0,4,1,2,8
40,23,0,20,3,2,8
42,29,1,20,8,2,8
43,14,1,12,1,2,8
44,11,0,11,0,2,8
45,21,0,14,7,2,8
46,1,1,0,0,2,8
47,5,0,4,1,2,8
48,65,1,25,39,2,8
49,10,0,7,3,2,8
0,74,4,53,17,3,4
3,130,3,93,34,3,4
4,1,0,0,1,3,4
5,26,1,21,4,3,4
6,10,0,10,0,3,4
7,6,0,5,1,3,4
8,81,8,53,20,3,4
9,99,0,89,10,3,4
11,17,1,16,0,3,4
12,64,11,38,15,3,4
13,98,6,74,18,3,4
14,64,1,49,14,3,4
15,181,11,84,86,3,4
16,111,3,68,40,3,4
17,40,1,30,9,3,4
18,17,0,13,4,3,4
19,58,2,50,6,3,4
20,22,0,22,0,3,4
21,32,2,12,18,3,4
22,575,51,335,189,3,4
23,96,2,72,22,3,4
24,114,6,56,52,3,4
25,13,0,13,0,3,4
26,193,8,114,71,3,4
27,10,0,10,0,3,4
28,28,1,17,10,3,4
29,21,1,13,7,3,4
30,18,0,6,12,3,4
31,86,0,74,12,3,4
32,284,11,208,65,3,4
33,38,4,18,16,3,4
34,119,2,96,21,3,4
35,211,6,99,106,3,4
36,7,3,0,4,3,4
37,93,4,79,10,3,4
39,129,6,92,31,3,4
40,260,19,181,60,3,4
41,105,0,60,45,3,4
42,485,23,255,207,3,4
43,2,0,2,0,3,4
44,14,0,12,2,3,4
45,218,6,188,24,3,4
46,7,2,5,0,3,4
47,26,0,24,2,3,4
48,105,7,43,55,3,4
49,12,0,10,2,3,4
2,1,0,0,1,4,9
5,5,1,4,0,4,9
8,12,6,6,0,4,9
9,3,0,2,1,4,9
12,2,1,1,0,4,9
14,6,0,1,5,4,9
15,29,4,12,13,4,9
21,2,0,2,0,4,9
22,17,0,3,14,4,9
24,1,0,0,1,4,9
26,73,9,48,16,4,9
30,15,1,8,6,4,9
32,2,0,2,0,4,9
33,2,0,0,2,4,9
35,21,1,16,4,4,9
39,13,0,9,4,4,9
40,6,0,2,4,4,9
42,88,7,49,32,4,9
43,2,0,2,0,4,9
46,1,1,0,0,4,9
48,17,0,1,16,4,9
0,184,2,174,8,4,6
2,51,1,43,7,4,6
3,72,2,68,2,4,6
4,4,0,4,0,4,6
5,164,12,45,107,4,6
6,34,0,34,0,4,6
7,23,1,22,0,4,6
8,106,2,103,1,4,6
9,278,1,268,9,4,6
11,24,0,21,3,4,6
12,257,23,203,31,4,6
13,174,2,132,40,4,6
14,145,11,90,44,4,6
15,411,2,304,105,4,6
16,232,6,204,22,4,6
17,54,0,51,3,4,6
18,18,0,18,0,4,6
19,135,0,134,1,4,6
20,53,2,51,0,4,6
21,158,8,115,35,4,6
22,192,2,62,128,4,6
23,55,0,54,1,4,6
24,397,1,341,55,4,6
25,82,0,47,35,4,6
26,340,7,179,154,4,6
27,9,0,9,0,4,6
28,39,2,25,12,4,6
29,59,0,57,2,4,6
30,45,1,19,25,4,6
31,263,2,246,15,4,6
32,232,2,216,14,4,6
33,44,1,13,30,4,6
34,283,5,250,28,4,6
35,132,0,113,19,4,6
37,251,9,222,20,4,6
38,7,0,7,0,4,6
39,120,1,119,0,4,6
40,255,3,122,130,4,6
41,176,0,168,8,4,6
42,149,1,136,12,4,6
43,96,0,94,2,4,6
44,48,2,42,4,4,6
45,310,0,297,13,4,6
46,8,1,4,3,4,6
47,122,0,116,6,4,6
48,201,2,149,50,4,6
49,148,0,82,66,4,6
0,42,4,37,1,2,5
2,7,3,4,0,2,5
3,18,4,11,3,2,5
4,6,0,6,0,2,5
5,64,12,24,28,2,5
6,23,0,22,1,2,5
7,8,0,8,0,2,5
8,80,3,71,6,2,5
9,55,3,48,4,2,5
11,20,0,16,4,2,5
12,103,11,84,8,2,5
13,127,12,91,24,2,5
14,85,3,40,42,2,5
15,175,0,149,26,2,5
16,96,2,92,2,2,5
17,17,1,13,3,2,5
18,40,0,35,5,2,5
19,76,1,70,5,2,5
20,47,0,45,2,2,5
21,104,8,77,19,2,5
22,83,1,53,29,2,5
23,76,5,70,1,2,5
24,124,5,102,17,2,5
25,127,0,66,61,2,5
26,140,2,91,47,2,5
27,15,1,14,0,2,5
28,33,0,22,11,2,5
29,56,0,50,6,2,5
30,33,2,22,9,2,5
31,200,2,186,12,2,5
32,35,5,26,4,2,5
33,212,6,146,60,2,5
34,119,2,104,13,2,5
35,43,0,37,6,2,5
36,6,0,3,3,2,5
37,223,1,208,14,2,5
38,4,0,4,0,2,5
39,45,0,36,9,2,5
40,132,2,92,38,2,5
41,59,0,56,3,2,5
42,162,6,131,25,2,5
43,3,0,3,0,2,5
44,14,0,12,2,2,5
45,79,0,77,2,2,5
46,10,0,1,9,2,5
47,121,1,114,6,2,5
48,72,2,45,25,2,5
49,30,0,11,19,2,5
0,12,4,8,0,0,9
3,55,3,46,6,0,9
4,1,0,1,0,0,9
6,1,0,1,0,0,9
7,12,0,12,0,0,9
8,14,6,8,0,0,9
9,17,1,16,0,0,9
11,30,0,30,0,0,9
12,4,0,3,1,0,9
13,8,0,8,0,0,9
14,11,3,5,3,0,9
15,11,0,9,2,0,9
16,12,0,12,0,0,9
17,29,3,26,0,0,9
18,4,0,4,0,0,9
19,48,0,48,0,0,9
20,2,0,2,0,0,9
21,3,0,3,0,0,9
23,27,0,27,0,0,9
24,58,8,44,6,0,9
25,2,0,2,0,0,9
29,39,1,38,0,0,9
30,3,1,0,2,0,9
31,23,0,22,1,0,9
32,66,2,64,0,0,9
35,70,6,36,28,0,9
37,69,1,68,0,0,9
38,1,1,0,0,0,9
39,27,3,24,0,0,9
41,43,2,40,1,0,9
42,110,14,63,33,0,9
45,83,3,80,0,0,9
46,2,2,0,0,0,9
47,17,0,17,0,0,9
48,9,2,5,2,0,9
49,1,0,1,0,0,9
0,3,2,1,0,1,9
3,1,0,1,0,1,9
5,1,0,1,0,1,9
6,9,0,9,0,1,9
8,1,0,1,0,1,9
9,17,7,10,0,1,9
12,1,0,1,0,1,9
13,16,0,10,6,1,9
14,15,0,13,2,1,9
15,1,0,1,0,1,9
16,7,0,6,1,1,9
18,3,0,1,2,1,9
20,51,1,50,0,1,9
21,14,0,12,2,1,9
22,7,0,5,2,1,9
23,7,3,4,0,1,9
24,1,0,1,0,1,9
26,39,0,32,7,1,9
28,12,0,10,2,1,9
31,65,1,63,1,1,9
32,3,1,2,0,1,9
34,18,0,14,4,1,9
38,4,0,4,0,1,9
39,8,3,5,0,1,9
40,4,0,0,4,1,9
41,3,0,1,2,1,9
42,3,0,3,0,1,9
44,8,0,8,0,1,9
46,1,1,0,0,1,9
48,1,0,0,1,1,9
0,117,38,62,17,0,2
3,36,3,23,10,0,2
4,4,3,1,0,0,2
5,6,2,2,2,0,2
6,1,0,0,1,0,2
8,46,9,24,13,0,2
9,91,37,31,23,0,2
12,12,0,5,7,0,2
13,41,4,23,14,0,2
15,9,0,2,7,0,2
16,38,10,24,4,0,2
17,19,4,11,4,0,2
19,9,0,9,0,0,2
21,21,4,9,8,0,2
23,37,4,24,9,0,2
24,40,5,14,21,0,2
26,9,0,1,8,0,2
29,6,0,4,2,0,2
30,16,2,5,9,0,2
31,2,0,2,0,0,2
34,61,2,46,13,0,2
35,47,0,12,35,0,2
37,5,0,4,1,0,2
39,17,5,12,0,0,2
41,28,2,26,0,0,2
42,184,11,110,63,0,2
45,17,0,17,0,0,2
0,35,0,35,0,0,6
2,18,1,16,1,0,6
3,13,0,13,0,0,6
4,3,0,3,0,0,6
5,115,2,31,82,0,6
6,13,0,12,1,0,6
7,6,0,6,0,0,6
8,56,1,49,6,0,6
9,50,0,48,2,0,6
11,18,0,13,5,0,6
12,48,0,45,3,0,6
13,39,0,38,1,0,6
14,76,3,68,5,0,6
15,110,3,85,22,0,6
16,46,0,44,2,0,6
17,13,4,9,0,0,6
18,41,0,32,9,0,6
19,116,0,116,0,0,6
20,66,3,60,3,0,6
21,121,0,116,5,0,6
22,231,21,144,66,0,6
23,31,2,28,1,0,6
24,31,0,29,2,0,6
25,170,2,83,85,0,6
26,119,5,61,53,0,6
27,1,0,1,0,0,6
28,12,0,8,4,0,6
29,96,2,91,3,0,6
30,8,2,4,2,0,6
31,158,0,153,5,0,6
32,129,1,120,8,0,6
33,135,8,56,71,0,6
34,164,0,160,4,0,6
35,35,0,22,13,0,6
36,1,1,0,0,0,6
37,189,0,188,1,0,6
38,3,0,3,0,0,6
39,94,0,93,1,0,6
40,311,7,189,115,0,6
41,12,0,11,1,0,6
42,58,2,39,17,0,6
43,9,0,9,0,0,6
44,16,0,16,0,0,6
45,228,0,222,6,0,6
46,9,0,9,0,0,6
47,31,0,28,3,0,6
48,163,23,130,10,0,6
49,132,10,47,75,0,6
0,99,36,59,4,3,2
3,43,12,30,1,3,2
5,1,0,1,0,3,2
6,1,0,1,0,3,2
7,1,0,1,0,3,2
8,92,21,65,6,3,2
9,33,2,18,13,3,2
12,81,6,74,1,3,2
13,71,3,64,4,3,2
14,64,35,16,13,3,2
15,14,1,10,3,3,2
16,44,4,36,4,3,2
17,65,21,39,5,3,2
19,27,0,26,1,3,2
20,19,0,19,0,3,2
21,2,0,2,0,3,2
23,203,73,128,2,3,2
24,41,3,20,18,3,2
26,2,0,1,1,3,2
28,12,0,12,0,3,2
29,21,0,21,0,3,2
30,1,0,1,0,3,2
31,52,0,52,0,3,2
32,50,3,47,0,3,2
34,28,5,19,4,3,2
35,30,6,12,12,3,2
37,119,2,116,1,3,2
39,10,0,5,5,3,2
41,30,3,27,0,3,2
42,164,53,61,50,3,2
44,4,0,4,0,3,2
45,11,3,8,0,3,2
47,14,0,8,6,3,2
48,6,1,4,1,3,2
0,24,7,15,2,4,11
2,2,0,2,0,4,11
3,4,0,1,3,4,11
4,3,1,2,0,4,11
8,11,2,9,0,4,11
9,7,1,3,3,4,11
16,12,7,5,0,4,11
17,18,0,6,12,4,11
18,3,0,3,0,4,11
23,54,8,10,36,4,11
28,1,0,1,0,4,11
30,2,0,2,0,4,11
31,1,0,1,0,4,11
32,12,1,11,0,4,11
37,1,0,1,0,4,11
39,3,1,2,0,4,11
41,40,18,11,11,4,11
42,4,0,2,2,4,11
45,2,0,2,0,4,11
0,10,4,4,2,0,10
2,16,4,10,2,0,10
3,1,0,0,1,0,10
4,2,0,2,0,0,10
5,1,0,1,0,0,10
8,2,1,1,0,0,10
9,1,0,1,0,0,10
12,8,0,7,1,0,10
13,2,0,2,0,0,10
14,4,1,3,0,0,10
17,8,5,2,1,0,10
21,2,0,2,0,0,10
23,19,4,6,9,0,10
24,3,0,0,3,0,10
25,1,0,1,0,0,10
34,1,0,1,0,0,10
35,4,0,0,4,0,10
37,1,0,1,0,0,10
42,4,0,1,3,0,10
0,274,46,213,15,1,3
3,166,4,119,43,1,3
6,2,0,2,0,1,3
7,12,0,12,0,1,3
8,149,20,122,7,1,3
9,310,56,237,17,1,3
11,29,0,27,2,1,3
12,98,0,57,41,1,3
13,102,12,77,13,1,3
14,22,0,0,22,1,3
15,41,0,12,29,1,3
16,80,7,57,16,1,3
17,198,36,109,53,1,3
19,52,3,46,3,1,3
20,4,0,4,0,1,3
21,41,0,3,38,1,3
22,9,0,1,8,1,3
23,239,57,150,32,1,3
24,78,1,44,33,1,3
25,3,0,3,0,1,3
26,8,0,2,6,1,3
27,1,0,0,1,1,3
29,62,1,60,1,1,3
30,1,0,1,0,1,3
31,19,0,18,1,1,3
32,203,19,169,15,1,3
33,1,0,0,1,1,3
34,114,11,63,40,1,3
35,181,13,36,132,1,3
36,1,0,0,1,1,3
37,106,2,101,3,1,3
38,1,0,1,0,1,3
39,146,29,103,14,1,3
40,14,0,8,6,1,3
41,65,5,47,13,1,3
42,398,29,182,187,1,3
43,3,0,3,0,1,3
45,105,0,84,21,1,3
46,1,0,1,0,1,3
47,77,0,59,18,1,3
48,45,0,23,22,1,3
49,2,0,2,0,1,3
0,35,3,26,6,4,3
3,80,1,29,50,4,3
5,9,4,5,0,4,3
7,10,3,6,1,4,3
8,157,14,100,43,4,3
9,69,3,49,17,4,3
12,210,22,81,107,4,3
13,34,3,31,0,4,3
14,100,6,11,83,4,3
15,123,4,49,70,4,3
16,42,6,36,0,4,3
17,59,1,33,25,4,3
19,54,2,42,10,4,3
20,1,0,1,0,4,3
21,17,1,7,9,4,3
22,2,0,0,2,4,3
23,51,2,25,24,4,3
24,178,10,46,122,4,3
26,68,0,17,51,4,3
29,41,7,22,12,4,3
30,2,0,2,0,4,3
31,66,2,62,2,4,3
32,80,4,60,16,4,3
34,113,2,107,4,4,3
35,62,8,2,52,4,3
37,91,2,87,2,4,3
38,1,0,0,1,4,3
39,11,0,8,3,4,3
40,10,0,8,2,4,3
41,18,0,12,6,4,3
42,404,8,114,282,4,3
43,3,0,1,2,4,3
45,71,2,46,23,4,3
47,12,0,10,2,4,3
48,36,1,3,32,4,3
49,3,0,3,0,4,3
0,54,7,43,4,2,11
3,57,17,27,13,2,11
4,1,0,1,0,2,11
5,9,0,9,0,2,11
6,2,0,2,0,2,11
8,8,3,5,0,2,11
9,48,10,30,8,2,11
12,63,9,54,0,2,11
13,47,1,45,1,2,11
14,160,17,140,3,2,11
15,97,0,92,5,2,11
16,124,43,78,3,2,11
17,15,2,13,0,2,11
20,1,0,1,0,2,11
21,9,0,9,0,2,11
22,43,8,35,0,2,11
23,10,2,8,0,2,11
24,112,11,90,11,2,11
25,6,0,6,0,2,11
26,126,30,93,3,2,11
28,2,0,2,0,2,11
29,1,0,1,0,2,11
30,5,0,5,0,2,11
31,24,0,24,0,2,11
32,11,0,11,0,2,11
34,15,1,14,0,2,11
35,13,0,6,7,2,11
36,4,0,4,0,2,11
37,1,0,1,0,2,11
39,3,0,1,2,2,11
41,131,34,95,2,2,11
42,14,1,5,8,2,11
44,1,0,1,0,2,11
45,5,0,5,0,2,11
47,2,0,2,0,2,11
48,42,3,38,1,2,11
0,150,68,66,16,2,2
2,1,0,1,0,2,2
3,49,11,15,23,2,2
4,2,0,2,0,2,2
7,7,0,7,0,2,2
8,24,6,15,3,2,2
9,64,10,47,7,2,2
12,20,3,12,5,2,2
13,13,0,5,8,2,2
14,4,1,2,1,2,2
15,42,2,28,12,2,2
16,23,4,13,6,2,2
17,26,6,15,5,2,2
19,17,0,17,0,2,2
22,3,0,0,3,2,2
23,122,19,82,21,2,2
24,40,4,11,25,2,2
26,5,1,0,4,2,2
27,1,0,0,1,2,2
28,3,0,3,0,2,2
29,20,0,20,0,2,2
30,5,0,3,2,2,2
31,8,0,8,0,2,2
32,51,3,23,25,2,2
34,4,0,1,3,2,2
35,25,1,13,11,2,2
37,13,0,13,0,2,2
39,32,0,23,9,2,2
41,96,5,32,59,2,2
42,223,43,77,103,2,2
44,6,2,4,0,2,2
45,30,1,15,14,2,2
46,1,1,0,0,2,2
47,12,0,2,10,2,2
0,58,0,48,10,4,4
2,5,0,3,2,4,4
3,19,2,13,4,4,4
4,4,2,2,0,4,4
5,109,17,16,76,4,4
8,49,1,32,16,4,4
9,21,0,13,8,4,4
11,32,4,19,9,4,4
12,124,9,60,55,4,4
13,22,5,6,11,4,4
14,123,20,34,69,4,4
15,229,18,96,115,4,4
16,76,2,52,22,4,4
17,37,8,29,0,4,4
18,1,1,0,0,4,4
22,27,4,3,20,4,4
23,71,0,63,8,4,4
24,130,5,40,85,4,4
25,15,1,4,10,4,4
26,212,50,68,94,4,4
27,19,2,14,3,4,4
30,115,9,37,69,4,4
32,86,1,63,22,4,4
33,23,0,3,20,4,4
34,1,0,1,0,4,4
35,69,9,23,37,4,4
36,13,0,6,7,4,4
39,23,0,15,8,4,4
40,52,3,14,35,4,4
41,44,0,30,14,4,4
42,425,15,173,237,4,4
43,17,0,15,2,4,4
45,54,3,47,4,4,4
46,13,1,5,7,4,4
47,2,0,2,0,4,4
48,4,0,0,4,4,4
49,51,7,12,32,4,4
0,17,5,12,0,0,0
3,2,0,1,1,0,0
4,6,3,2,1,0,0
8,28,2,26,0,0,0
9,4,1,3,0,0,0
17,5,1,3,1,0,0
20,1,0,1,0,0,0
23,39,4,34,1,0,0
34,7,1,2,4,0,0
37,6,1,1,4,0,0
39,2,0,2,0,0,0
41,2,0,2,0,0,0
42,4,0,4,0,0,0
45,2,0,2,0,0,0
49,1,0,1,0,0,0
0,146,7,139,0,1,0
3,57,10,46,1,1,0
5,1,0,1,0,1,0
8,15,3,12,0,1,0
9,85,6,79,0,1,0
12,5,1,4,0,1,0
13,5,0,5,0,1,0
16,50,12,37,1,1,0
17,45,3,42,0,1,0
19,1,0,1,0,1,0
23,109,17,92,0,1,0
24,22,6,13,3,1,0
32,52,0,52,0,1,0
34,6,1,5,0,1,0
35,12,2,2,8,1,0
36,1,1,0,0,1,0
39,39,2,37,0,1,0
41,72,4,68,0,1,0
42,101,15,75,11,1,0
45,36,0,36,0,1,0
47,16,0,16,0,1,0
0,37,11,26,0,2,7
2,66,1,56,9,2,7
3,8,0,7,1,2,7
4,15,0,15,0,2,7
5,38,3,17,18,2,7
6,7,1,6,0,2,7
7,4,0,4,0,2,7
8,43,3,40,0,2,7
9,72,7,63,2,2,7
11,18,0,18,0,2,7
12,163,17,139,7,2,7
13,99,0,93,6,2,7
14,113,9,87,17,2,7
15,181,1,111,69,2,7
16,23,0,21,2,2,7
17,3,2,1,0,2,7
18,4,0,4,0,2,7
19,107,0,106,1,2,7
20,25,6,19,0,2,7
21,207,1,201,5,2,7
22,104,4,71,29,2,7
23,19,14,5,0,2,7
24,85,1,77,7,2,7
25,23,0,16,7,2,7
26,141,1,71,69,2,7
27,8,1,7,0,2,7
28,1,0,1,0,2,7
29,25,1,24,0,2,7
30,9,0,8,1,2,7
31,62,0,59,3,2,7
32,142,3,130,9,2,7
33,92,10,24,58,2,7
34,172,4,165,3,2,7
35,20,0,15,5,2,7
36,8,0,5,3,2,7
37,232,7,224,1,2,7
38,1,0,1,0,2,7
39,69,10,59,0,2,7
40,214,2,109,103,2,7
41,44,0,41,3,2,7
42,27,2,17,8,2,7
43,51,0,48,3,2,7
44,3,0,3,0,2,7
45,306,2,296,8,2,7
46,8,0,8,0,2,7
47,46,0,46,0,2,7
48,109,8,86,15,2,7
49,23,0,16,7,2,7
0,24,7,16,1,5,0
3,37,0,26,11,5,0
4,2,0,2,0,5,0
8,97,20,75,2,5,0
9,84,5,78,1,5,0
11,4,0,4,0,5,0
17,20,1,14,5,5,0
19,3,0,3,0,5,0
23,52,3,44,5,5,0
24,5,0,4,1,5,0
31,6,0,6,0,5,0
32,115,3,111,1,5,0
35,1,0,0,1,5,0
36,1,0,1,0,5,0
39,81,4,77,0,5,0
42,27,2,15,10,5,0
45,32,0,32,0,5,0
0,369,11,281,77,4,5
2,1,0,1,0,4,5
3,224,6,131,87,4,5
4,5,0,2,3,4,5
5,217,39,27,151,4,5
6,6,0,2,4,4,5
7,6,0,4,2,4,5
8,243,9,220,14,4,5
9,354,7,311,36,4,5
11,40,1,34,5,4,5
12,211,7,162,42,4,5
13,193,8,118,67,4,5
14,86,1,62,23,4,5
15,217,4,151,62,4,5
16,174,3,133,38,4,5
17,188,0,129,59,4,5
18,7,0,7,0,4,5
19,27,0,16,11,4,5
20,11,0,9,2,4,5
21,84,1,64,19,4,5
22,42,15,19,8,4,5
23,333,24,221,88,4,5
24,106,2,75,29,4,5
25,27,1,12,14,4,5
26,157,14,72,71,4,5
27,16,1,15,0,4,5
28,17,0,12,5,4,5
29,44,2,39,3,4,5
30,62,2,13,47,4,5
31,54,0,35,19,4,5
32,145,0,113,32,4,5
33,64,1,39,24,4,5
34,65,12,41,12,4,5
35,315,14,207,94,4,5
36,2,1,0,1,4,5
37,118,3,97,18,4,5
38,3,0,3,0,4,5
39,92,0,85,7,4,5
40,132,1,73,58,4,5
41,155,5,120,30,4,5
42,701,26,298,377,4,5
43,32,0,29,3,4,5
44,3,0,3,0,4,5
45,168,1,108,59,4,5
46,18,0,18,0,4,5
47,22,0,19,3,4,5
48,11,1,3,7,4,5
49,74,20,11,43,4,5
0,163,49,103,11,4,0
2,1,0,1,0,4,0
3,23,6,15,2,4,0
4,48,2,46,0,4,0
8,34,5,29,0,4,0
9,154,33,117,4,4,0
12,14,10,1,3,4,0
13,3,0,1,2,4,0
14,3,2,0,1,4,0
16,45,7,27,11,4,0
17,58,17,34,7,4,0
23,51,5,33,13,4,0
24,1,0,1,0,4,0
32,55,2,53,0,4,0
34,24,0,23,1,4,0
35,11,5,2,4,4,0
37,1,0,1,0,4,0
39,36,7,29,0,4,0
41,40,4,32,4,4,0
42,19,12,4,3,4,0
45,9,2,7,0,4,0
47,1,0,0,1,4,0
0,28,0,28,0,2,6
2,96,2,81,13,2,6
3,8,0,7,1,2,6
4,5,0,5,0,2,6
5,63,3,41,19,2,6
6,28,1,25,2,2,6
7,17,2,14,1,2,6
8,25,2,23,0,2,6
9,46,3,42,1,2,6
11,12,0,11,1,2,6
12,82,8,65,9,2,6
13,43,2,41,0,2,6
14,99,37,37,25,2,6
15,91,1,70,20,2,6
16,53,0,52,1,2,6
17,3,0,3,0,2,6
18,8,0,7,1,2,6
19,110,1,101,8,2,6
20,84,0,75,9,2,6
21,72,5,67,0,2,6
22,102,3,56,43,2,6
23,5,0,5,0,2,6
24,79,2,69,8,2,6
25,122,1,86,35,2,6
26,148,2,123,23,2,6
27,58,1,57,0,2,6
28,47,0,29,18,2,6
29,132,8,111,13,2,6
30,45,2,22,21,2,6
31,281,1,261,19,2,6
32,107,3,101,3,2,6
33,84,0,50,34,2,6
34,102,11,86,5,2,6
35,53,0,49,4,2,6
37,390,16,352,22,2,6
38,2,0,2,0,2,6
39,42,5,37,0,2,6
40,135,0,73,62,2,6
41,36,0,36,0,2,6
42,84,4,66,14,2,6
43,44,3,37,4,2,6
44,18,0,18,0,2,6
45,187,4,175,8,2,6
46,3,0,3,0,2,6
47,33,0,32,1,2,6
48,144,14,112,18,2,6
49,44,1,21,22,2,6
0,91,5,81,5,1,7
2,45,0,36,9,1,7
3,39,4,33,2,1,7
4,11,3,7,1,1,7
5,94,5,30,59,1,7
6,28,7,18,3,1,7
7,24,7,17,0,1,7
8,67,5,55,7,1,7
9,142,0,134,8,1,7
11,26,0,26,0,1,7
12,165,14,142,9,1,7
13,90,3,87,0,1,7
14,151,4,137,10,1,7
15,131,3,75,53,1,7
16,21,0,21,0,1,7
17,18,2,15,1,1,7
18,35,0,28,7,1,7
19,85,11,71,3,1,7
20,62,2,56,4,1,7
21,59,2,48,9,1,7
22,217,30,100,87,1,7
23,41,1,38,2,1,7
24,89,0,78,11,1,7
25,54,0,48,6,1,7
26,117,6,37,74,1,7
27,7,0,7,0,1,7
28,24,2,19,3,1,7
29,78,4,73,1,1,7
30,19,0,16,3,1,7
31,144,6,128,10,1,7
32,57,16,40,1,1,7
33,79,4,26,49,1,7
34,85,0,77,8,1,7
35,83,0,55,28,1,7
36,15,0,13,2,1,7
37,196,2,191,3,1,7
38,4,0,4,0,1,7
39,41,1,38,2,1,7
40,208,7,131,70,1,7
41,32,2,30,0,1,7
42,155,2,126,27,1,7
43,3,0,3,0,1,7
44,10,0,9,1,1,7
45,130,10,116,4,1,7
46,5,0,5,0,1,7
47,61,0,56,5,1,7
48,86,4,66,16,1,7
49,27,0,15,12,1,7
0,161,1,154,6,0,5
2,2,0,1,1,0,5
3,92,3,83,6,0,5
4,5,2,1,2,0,5
5,100,9,31,60,0,5
6,13,0,12,1,0,5
7,11,0,7,4,0,5
8,68,0,65,3,0,5
9,269,0,259,10,0,5
11,21,2,17,2,0,5
12,234,11,184,39,0,5
13,170,17,127,26,0,5
14,157,8,105,44,0,5
15,282,20,136,126,0,5
16,240,15,213,12,0,5
17,95,25,67,3,0,5
18,6,0,4,2,0,5
19,78,1,67,10,0,5
20,13,0,10,3,0,5
21,29,0,16,13,0,5
22,159,9,96,54,0,5
23,126,6,118,2,0,5
24,206,1,162,43,0,5
25,125,3,71,51,0,5
26,163,1,82,80,0,5
27,5,0,5,0,0,5
28,10,0,9,1,0,5
29,58,2,50,6,0,5
30,81,4,23,54,0,5
31,66,0,60,6,0,5
32,134,1,130,3,0,5
33,57,2,32,23,0,5
34,140,12,103,25,0,5
35,136,6,87,43,0,5
36,5,1,3,1,0,5
37,150,2,135,13,0,5
38,7,0,3,4,0,5
39,213,0,206,7,0,5
40,96,7,35,54,0,5
41,234,7,219,8,0,5
42,497,14,269,214,0,5
43,30,0,29,1,0,5
44,11,0,11,0,0,5
45,154,0,140,14,0,5
46,2,0,2,0,0,5
47,64,3,43,18,0,5
48,89,4,78,7,0,5
49,55,7,17,31,0,5
0,28,0,28,0,1,8
2,3,0,3,0,1,8
3,8,5,3,0,1,8
4,3,3,0,0,1,8
7,3,0,3,0,1,8
8,16,1,15,0,1,8
9,10,3,7,0,1,8
11,6,0,4,2,1,8
12,3,0,2,1,1,8
13,4,0,2,2,1,8
14,17,0,14,3,1,8
15,11,0,3,8,1,8
16,2,0,2,0,1,8
17,3,0,3,0,1,8
19,24,1,23,0,1,8
21,12,0,7,5,1,8
22,45,0,14,31,1,8
23,4,0,4,0,1,8
24,10,1,9,0,1,8
26,2,0,1,1,1,8
29,1,0,1,0,1,8
30,9,0,7,2,1,8
31,6,0,6,0,1,8
32,27,3,18,6,1,8
33,13,0,13,0,1,8
34,14,1,12,1,1,8
35,1,0,1,0,1,8
36,3,0,3,0,1,8
37,1,0,1,0,1,8
39,27,12,15,0,1,8
40,1,0,0,1,1,8
41,8,2,6,0,1,8
42,20,2,16,2,1,8
43,1,0,1,0,1,8
45,7,2,5,0,1,8
47,2,0,2,0,1,8
48,13,1,4,8,1,8
49,1,0,1,0,1,8
0,5,1,4,0,1,11
4,1,0,1,0,1,11
8,40,8,32,0,1,11
9,11,0,11,0,1,11
17,9,0,9,0,1,11
19,3,0,3,0,1,11
23,27,13,14,0,1,11
32,14,2,12,0,1,11
39,11,1,10,0,1,11
42,9,3,6,0,1,11
45,8,2,6,0,1,11
0,37,2,28,7,5,2
3,40,1,12,27,5,2
4,21,2,16,3,5,2
5,1,1,0,0,5,2
8,23,1,9,13,5,2
9,35,3,17,15,5,2
11,2,0,2,0,5,2
12,104,8,29,67,5,2
13,70,5,26,39,5,2
14,14,0,0,14,5,2
15,78,8,7,63,5,2
16,31,1,23,7,5,2
17,29,1,17,11,5,2
18,1,0,1,0,5,2
19,1,0,1,0,5,2
23,29,4,21,4,5,2
24,153,2,51,100,5,2
26,4,0,2,2,5,2
27,2,0,2,0,5,2
31,1,0,1,0,5,2
34,61,15,20,26,5,2
35,69,2,3,64,5,2
36,1,1,0,0,5,2
37,2,0,0,2,5,2
39,3,0,2,1,5,2
41,7,0,5,2,5,2
42,101,8,30,63,5,2
43,16,0,16,0,5,2
45,3,0,1,2,5,2
46,1,1,0,0,5,2
47,6,0,4,2,5,2
48,5,0,2,3,5,2
0,80,0,76,4,3,6
2,70,0,59,11,3,6
3,49,0,36,13,3,6
4,10,0,9,1,3,6
5,93,19,34,40,3,6
6,23,1,22,0,3,6
7,8,0,7,1,3,6
8,29,0,28,1,3,6
9,78,0,76,2,3,6
11,32,0,27,5,3,6
12,151,5,126,20,3,6
13,78,0,71,7,3,6
14,89,3,80,6,3,6
15,63,9,44,10,3,6
16,117,0,116,1,3,6
17,15,0,11,4,3,6
18,41,0,35,6,3,6
19,119,2,114,3,3,6
20,35,0,33,2,3,6
21,50,1,43,6,3,6
22,128,6,81,41,3,6
23,65,0,64,1,3,6
24,55,0,53,2,3,6
25,276,2,140,134,3,6
26,138,2,105,31,3,6
27,25,1,24,0,3,6
28,89,1,62,26,3,6
29,21,0,19,2,3,6
30,13,0,10,3,3,6
31,201,2,191,8,3,6
32,212,0,210,2,3,6
33,235,2,176,57,3,6
34,122,7,112,3,3,6
35,43,1,37,5,3,6
36,12,0,5,7,3,6
37,146,0,133,13,3,6
38,3,0,3,0,3,6
39,89,0,87,2,3,6
40,203,0,152,51,3,6
41,108,0,93,15,3,6
42,85,1,76,8,3,6
43,45,1,43,1,3,6
44,47,2,38,7,3,6
45,289,3,271,15,3,6
46,7,0,4,3,3,6
47,126,0,120,6,3,6
48,96,1,89,6,3,6
49,50,0,35,15,3,6
0,148,2,78,68,2,3
3,66,3,42,21,2,3
4,1,1,0,0,2,3
5,18,6,2,10,2,3
6,8,1,7,0,2,3
7,3,0,2,1,2,3
8,111,5,85,21,2,3
9,94,6,56,32,2,3
11,1,0,1,0,2,3
12,17,1,15,1,2,3
13,1,0,1,0,2,3
14,5,2,1,2,2,3
15,27,0,5,22,2,3
16,8,0,1,7,2,3
17,93,13,52,28,2,3
19,6,0,5,1,2,3
20,8,0,8,0,2,3
21,5,1,4,0,2,3
22,20,0,3,17,2,3
23,96,5,60,31,2,3
24,44,4,25,15,2,3
26,8,0,4,4,2,3
28,1,0,1,0,2,3
29,14,0,12,2,2,3
31,6,1,5,0,2,3
32,43,3,20,20,2,3
34,4,0,4,0,2,3
35,57,3,16,38,2,3
37,17,0,16,1,2,3
39,7,2,5,0,2,3
40,5,0,0,5,2,3
41,22,4,8,10,2,3
42,224,10,47,167,2,3
45,37,0,14,23,2,3
47,3,0,0,3,2,3
48,9,0,3,6,2,3
49,1,0,0,1,2,3
0,31,7,22,2,3,0
8,35,10,24,1,3,0
9,24,2,22,0,3,0
16,33,10,23,0,3,0
17,5,2,3,0,3,0
19,3,0,3,0,3,0
20,1,0,1,0,3,0
23,4,0,2,2,3,0
29,7,0,7,0,3,0
31,2,0,2,0,3,0
32,15,0,15,0,3,0
35,1,0,1,0,3,0
39,7,0,7,0,3,0
41,17,1,16,0,3,0
42,27,16,5,6,3,0
45,1,0,1,0,3,0
0,66,3,58,5,1,5
2,5,0,5,0,1,5
3,35,0,24,11,1,5
4,6,0,3,3,1,5
5,190,4,157,29,1,5
6,11,0,6,5,1,5
7,4,0,4,0,1,5
8,86,12,67,7,1,5
9,128,0,115,13,1,5
11,25,0,21,4,1,5
12,92,1,81,10,1,5
13,92,0,81,11,1,5
14,114,1,86,27,1,5
15,197,10,114,73,1,5
16,71,0,68,3,1,5
17,28,5,23,0,1,5
18,13,0,9,4,1,5
19,60,0,56,4,1,5
20,52,0,43,9,1,5
21,143,0,138,5,1,5
22,174,14,93,67,1,5
23,108,9,95,4,1,5
24,87,4,73,10,1,5
25,45,0,27,18,1,5
26,278,9,157,112,1,5
27,9,0,9,0,1,5
28,7,0,5,2,1,5
29,68,0,65,3,1,5
30,34,0,25,9,1,5
31,74,0,63,11,1,5
32,54,1,50,3,1,5
33,220,12,102,106,1,5
34,235,4,223,8,1,5
35,62,0,49,13,1,5
36,4,1,0,3,1,5
37,192,1,178,13,1,5
38,2,0,1,1,1,5
39,96,0,91,5,1,5
40,344,10,200,134,1,5
41,47,3,31,13,1,5
42,194,2,115,77,1,5
43,57,0,48,9,1,5
44,1,0,1,0,1,5
45,117,0,114,3,1,5
46,5,0,0,5,1,5
47,39,0,36,3,1,5
48,101,2,77,22,1,5
49,115,0,90,25,1,5
0,178,28,106,44,4,2
2,3,0,3,0,4,2
3,61,16,23,22,4,2
4,45,3,35,7,4,2
5,2,0,2,0,4,2
8,17,3,12,2,4,2
9,151,8,111,32,4,2
11,1,0,1,0,4,2
12,200,49,104,47,4,2
13,130,26,78,26,4,2
14,92,28,31,33,4,2
15,1,0,1,0,4,2
16,76,6,65,5,4,2
17,44,2,22,20,4,2
19,1,0,1,0,4,2
21,7,0,3,4,4,2
23,137,22,79,36,4,2
24,84,0,29,55,4,2
26,8,0,0,8,4,2
27,2,0,2,0,4,2
30,1,0,1,0,4,2
32,26,0,25,1,4,2
34,90,12,75,3,4,2
35,45,1,11,33,4,2
37,19,0,19,0,4,2
39,23,1,19,3,4,2
40,2,0,0,2,4,2
41,146,19,118,9,4,2
42,231,14,121,96,4,2
43,3,0,3,0,4,2
45,6,0,6,0,4,2
47,7,0,7,0,4,2
48,24,15,7,2,4,2
0,1,1,0,0,2,10
3,2,0,1,1,2,10
6,16,4,12,0,2,10
8,1,0,1,0,2,10
15,4,0,3,1,2,10
17,8,2,6,0,2,10
20,7,0,7,0,2,10
24,1,0,1,0,2,10
26,1,0,1,0,2,10
29,4,0,0,4,2,10
31,28,9,16,3,2,10
35,23,5,5,13,2,10
36,2,0,2,0,2,10
38,8,2,6,0,2,10
42,21,2,3,16,2,10
46,6,0,6,0,2,10
0,30,0,29,1,3,7
2,78,2,67,9,3,7
3,14,0,13,1,3,7
4,19,1,18,0,3,7
5,17,2,10,5,3,7
6,16,0,16,0,3,7
7,6,0,6,0,3,7
8,55,2,48,5,3,7
9,51,0,49,2,3,7
11,34,0,22,12,3,7
12,121,3,96,22,3,7
13,76,1,70,5,3,7
14,51,1,27,23,3,7
15,22,2,17,3,3,7
16,28,0,23,5,3,7
17,7,2,5,0,3,7
18,8,0,8,0,3,7
19,56,1,54,1,3,7
20,29,0,29,0,3,7
21,113,0,111,2,3,7
22,66,5,35,26,3,7
23,15,1,13,1,3,7
24,69,0,57,12,3,7
25,42,0,36,6,3,7
26,29,0,7,22,3,7
27,15,0,14,1,3,7
28,43,0,31,12,3,7
29,5,0,5,0,3,7
30,3,0,1,2,3,7
31,89,0,88,1,3,7
32,66,0,62,4,3,7
33,29,5,12,12,3,7
34,77,0,74,3,3,7
35,30,0,26,4,3,7
36,15,0,9,6,3,7
37,48,1,42,5,3,7
38,1,0,1,0,3,7
39,53,0,52,1,3,7
40,79,0,63,16,3,7
41,41,0,41,0,3,7
42,84,4,73,7,3,7
43,14,2,10,2,3,7
44,19,0,19,0,3,7
45,110,0,106,4,3,7
46,18,0,10,8,3,7
47,21,2,19,0,3,7
48,40,0,37,3,3,7
49,13,0,8,5,3,7
0,39,0,29,10,1,4
2,1,0,1,0,1,4
3,110,9,64,37,1,4
4,4,1,2,1,1,4
5,42,7,13,22,1,4
6,2,0,2,0,1,4
7,2,0,2,0,1,4
8,49,3,28,18,1,4
9,61,0,51,10,1,4
11,32,0,31,1,1,4
12,92,21,60,11,1,4
13,27,0,21,6,1,4
14,43,12,25,6,1,4
15,194,11,71,112,1,4
16,39,0,38,1,1,4
17,57,9,33,15,1,4
18,2,0,2,0,1,4
19,3,0,3,0,1,4
20,24,0,23,1,1,4
21,6,0,6,0,1,4
22,6,2,4,0,1,4
23,62,0,46,16,1,4
24,185,7,112,66,1,4
25,88,1,62,25,1,4
26,52,2,27,23,1,4
27,1,0,1,0,1,4
28,18,0,18,0,1,4
30,3,0,1,2,1,4
31,104,2,99,3,1,4
32,37,3,32,2,1,4
33,3,1,0,2,1,4
34,79,2,71,6,1,4
35,213,12,93,108,1,4
36,42,0,21,21,1,4
37,30,0,28,2,1,4
39,112,7,71,34,1,4
40,50,0,6,44,1,4
41,133,1,111,21,1,4
42,476,22,205,249,1,4
43,13,0,13,0,1,4
44,20,0,20,0,1,4
45,13,0,12,1,1,4
46,25,0,25,0,1,4
47,4,0,4,0,1,4
48,21,5,10,6,1,4
49,21,0,10,11,1,4
0,56,5,50,1,1,1
3,7,0,1,6,1,1
4,2,0,2,0,1,1
7,19,0,19,0,1,1
8,54,1,53,0,1,1
9,58,2,56,0,1,1
11,1,0,1,0,1,1
17,23,0,2,21,1,1
19,35,4,31,0,1,1
23,51,20,17,14,1,1
25,1,0,1,0,1,1
29,29,0,29,0,1,1
32,54,9,43,2,1,1
37,20,0,20,0,1,1
39,34,2,32,0,1,1
41,41,7,34,0,1,1
42,5,0,4,1,1,1
45,27,1,26,0,1,1
46,1,0,1,0,1,1
0,5,0,5,0,2,1
3,3,0,3,0,2,1
8,33,4,24,5,2,1
9,16,3,8,5,2,1
16,7,2,5,0,2,1
17,2,1,1,0,2,1
23,3,0,2,1,2,1
27,7,0,7,0,2,1
29,1,0,1,0,2,1
30,2,0,2,0,2,1
32,5,1,4,0,2,1
35,2,0,0,2,2,1
39,1,0,0,1,2,1
41,12,0,8,4,2,1
42,6,0,0,6,2,1
45,7,0,7,0,2,1
0,3,0,2,1,1,10
3,15,0,15,0,1,10
4,4,2,2,0,1,10
5,1,0,1,0,1,10
6,17,0,17,0,1,10
7,6,0,6,0,1,10
8,11,4,7,0,1,10
9,4,0,4,0,1,10
12,73,14,56,3,1,10
13,9,0,9,0,1,10
14,2,0,2,0,1,10
15,12,0,7,5,1,10
16,2,0,2,0,1,10
17,4,0,4,0,1,10
19,23,2,21,0,1,10
20,15,0,15,0,1,10
21,24,0,24,0,1,10
23,3,2,1,0,1,10
24,35,0,29,6,1,10
29,42,0,42,0,1,10
30,1,0,1,0,1,10
31,49,0,49,0,1,10
32,4,0,4,0,1,10
34,75,0,75,0,1,10
35,25,2,12,11,1,10
36,1,1,0,0,1,10
37,83,1,82,0,1,10
38,5,0,5,0,1,10
41,1,0,1,0,1,10
42,15,2,9,4,1,10
43,3,0,3,0,1,10
45,6,0,6,0,1,10
47,14,0,14,0,1,10
48,15,0,15,0,1,10
0,1,1,0,0,2,0
2,5,0,5,0,2,0
3,1,0,1,0,2,0
4,3,2,1,0,2,0
8,8,3,5,0,2,0
9,16,4,12,0,2,0
11,3,0,3,0,2,0
16,8,0,6,2,2,0
17,3,1,2,0,2,0
23,6,0,2,4,2,0
24,1,0,0,1,2,0
25,2,0,2,0,2,0
30,1,1,0,0,2,0
33,2,0,2,0,2,0
35,4,2,1,1,2,0
39,1,0,1,0,2,0
41,11,1,6,4,2,0
42,16,1,7,8,2,0
46,2,0,2,0,2,0
0,339,0,328,11,4,7
2,48,1,41,6,4,7
3,36,0,29,7,4,7
4,14,2,12,0,4,7
5,119,16,37,66,4,7
6,14,2,12,0,4,7
7,3,0,3,0,4,7
8,48,2,45,1,4,7
9,401,4,391,6,4,7
11,34,0,29,5,4,7
12,76,10,53,13,4,7
13,41,5,31,5,4,7
14,20,3,9,8,4,7
15,157,2,106,49,4,7
16,58,4,50,4,4,7
17,20,0,19,1,4,7
18,24,0,13,11,4,7
19,60,0,53,7,4,7
20,18,6,12,0,4,7
21,85,9,65,11,4,7
22,80,1,35,44,4,7
23,21,0,20,1,4,7
24,92,6,73,13,4,7
25,64,2,61,1,4,7
26,99,1,48,50,4,7
27,11,0,11,0,4,7
28,15,0,8,7,4,7
29,19,3,16,0,4,7
30,20,1,17,2,4,7
31,124,9,93,22,4,7
32,256,3,240,13,4,7
33,62,3,34,25,4,7
34,139,20,107,12,4,7
35,81,0,69,12,4,7
36,2,0,0,2,4,7
37,182,12,152,18,4,7
38,6,2,4,0,4,7
39,167,7,160,0,4,7
40,65,5,21,39,4,7
41,171,3,164,4,4,7
42,71,3,56,12,4,7
43,36,1,33,2,4,7
44,14,0,8,6,4,7
45,97,0,83,14,4,7
46,1,0,1,0,4,7
47,105,0,93,12,4,7
48,77,0,57,20,4,7
49,15,0,11,4,4,7
0,6,0,6,0,3,8
2,45,1,37,7,3,8
3,11,0,11,0,3,8
4,5,0,5,0,3,8
5,1,0,1,0,3,8
7,1,0,1,0,3,8
8,32,11,21,0,3,8
9,5,0,5,0,3,8
11,14,0,13,1,3,8
12,42,1,31,10,3,8
13,7,0,7,0,3,8
14,33,0,3,30,3,8
15,60,0,36,24,3,8
16,3,0,3,0,3,8
17,6,0,6,0,3,8
19,4,0,2,2,3,8
20,3,0,3,0,3,8
21,23,0,13,10,3,8
22,10,0,2,8,3,8
23,4,0,4,0,3,8
24,11,0,7,4,3,8
25,36,0,36,0,3,8
26,19,0,7,12,3,8
27,6,0,6,0,3,8
28,9,0,7,2,3,8
29,1,0,1,0,3,8
30,5,1,4,0,3,8
31,37,2,33,2,3,8
32,10,1,9,0,3,8
33,6,0,0,6,3,8
34,12,1,11,0,3,8
35,6,0,4,2,3,8
36,4,0,4,0,3,8
37,6,0,6,0,3,8
39,2,1,1,0,3,8
40,9,0,3,6,3,8
41,10,0,10,0,3,8
42,45,0,32,13,3,8
43,11,0,11,0,3,8
45,25,0,25,0,3,8
46,1,0,0,1,3,8
47,5,0,4,1,3,8
48,38,0,20,18,3,8
49,2,0,2,0,3,8
0,18,0,15,3,5,1
2,1,0,1,0,5,1
3,10,1,5,4,5,1
4,41,3,37,1,5,1
8,29,9,9,11,5,1
9,30,2,26,2,5,1
11,2,0,2,0,5,1
12,59,12,12,35,5,1
13,25,2,19,4,5,1
14,1,0,0,1,5,1
15,2,1,1,0,5,1
16,50,1,36,13,5,1
17,29,0,8,21,5,1
21,11,3,1,7,5,1
23,15,0,6,9,5,1
24,3,0,0,3,5,1
31,4,1,3,0,5,1
32,4,0,4,0,5,1
34,45,11,25,9,5,1
35,2,0,1,1,5,1
36,1,0,1,0,5,1
37,4,0,4,0,5,1
39,23,0,23,0,5,1
41,8,0,7,1,5,1
42,60,3,15,42,5,1
45,11,0,11,0,5,1
47,10,0,10,0,5,1
48,12,3,3,6,5,1
0,4,0,3,1,2,9
2,13,0,8,5,2,9
3,8,2,2,4,2,9
4,12,0,12,0,2,9
5,3,0,2,1,2,9
7,1,0,1,0,2,9
8,7,2,5,0,2,9
9,12,0,12,0,2,9
11,2,0,1,1,2,9
12,55,16,35,4,2,9
13,31,4,26,1,2,9
15,36,10,19,7,2,9
16,7,0,7,0,2,9
17,14,5,9,0,2,9
19,7,0,7,0,2,9
20,1,0,1,0,2,9
21,11,2,9,0,2,9
22,19,10,8,1,2,9
23,13,3,3,7,2,9
24,36,20,15,1,2,9
26,5,1,2,2,2,9
29,2,0,2,0,2,9
30,2,0,1,1,2,9
31,14,0,14,0,2,9
32,4,0,4,0,2,9
33,6,4,2,0,2,9
34,40,19,18,3,2,9
35,84,21,48,15,2,9
36,2,0,2,0,2,9
37,40,11,29,0,2,9
40,19,7,8,4,2,9
41,7,3,3,1,2,9
42,72,6,60,6,2,9
43,6,0,6,0,2,9
44,5,0,5,0,2,9
45,26,0,26,0,2,9
46,4,0,4,0,2,9
0,59,4,51,4,0,4
2,1,1,0,0,0,4
3,104,17,76,11,0,4
4,10,1,5,4,0,4
5,84,22,8,54,0,4
7,17,0,16,1,0,4
8,70,1,60,9,0,4
9,57,1,52,4,0,4
11,14,3,9,2,0,4
12,218,20,146,52,0,4
13,191,14,145,32,0,4
14,89,27,37,25,0,4
15,469,87,185,197,0,4
16,64,0,49,15,0,4
17,95,25,63,7,0,4
18,1,0,1,0,0,4
19,89,3,80,6,0,4
20,3,0,3,0,0,4
21,27,1,22,4,0,4
22,20,5,8,7,0,4
23,49,2,46,1,0,4
24,257,43,150,64,0,4
25,15,0,6,9,0,4
26,185,30,30,125,0,4
27,1,1,0,0,0,4
29,28,1,18,9,0,4
30,47,11,18,18,0,4
31,63,0,55,8,0,4
32,173,4,102,67,0,4
33,40,3,17,20,0,4
34,187,35,115,37,0,4
35,293,63,127,103,0,4
36,1,1,0,0,0,4
37,322,16,214,92,0,4
38,2,0,2,0,0,4
39,27,0,20,7,0,4
40,12,0,2,10,0,4
41,41,3,25,13,0,4
42,654,109,202,343,0,4
43,3,0,3,0,0,4
44,1,0,1,0,0,4
45,180,1,157,22,0,4
46,1,0,0,1,0,4
47,106,0,81,25,0,4
48,10,0,8,2,0,4
49,25,1,1,23,0,4
0,144,0,129,15,3,5
2,16,2,13,1,3,5
3,20,0,19,1,3,5
4,3,0,3,0,3,5
5,106,17,22,67,3,5
6,2,0,1,1,3,5
7,3,0,3,0,3,5
8,109,4,98,7,3,5
9,201,0,175,26,3,5
11,20,0,2,18,3,5
12,132,1,116,15,3,5
13,94,2,82,10,3,5
14,62,2,39,21,3,5
15,249,20,150,79,3,5
16,162,0,160,2,3,5
17,37,1,26,10,3,5
18,10,0,3,7,3,5
19,69,1,60,8,3,5
21,52,0,41,11,3,5
22,244,11,156,77,3,5
23,56,2,48,6,3,5
24,93,1,80,12,3,5
25,61,0,47,14,3,5
26,359,11,149,199,3,5
27,6,0,6,0,3,5
28,5,0,1,4,3,5
29,15,1,14,0,3,5
30,37,1,17,19,3,5
31,50,0,40,10,3,5
32,190,2,166,22,3,5
33,150,8,94,48,3,5
34,349,16,306,27,3,5
35,74,0,55,19,3,5
36,1,1,0,0,3,5
37,109,0,99,10,3,5
38,1,0,1,0,3,5
39,181,1,170,10,3,5
40,276,6,181,89,3,5
41,69,1,56,12,3,5
42,131,0,112,19,3,5
43,54,1,52,1,3,5
44,1,0,0,1,3,5
45,325,2,310,13,3,5
46,14,0,8,6,3,5
47,186,0,169,17,3,5
48,110,12,78,20,3,5
49,44,1,15,28,3,5
0,92,0,89,3,1,6
2,13,4,9,0,1,6
3,21,1,20,0,1,6
4,5,0,0,5,1,6
5,131,18,54,59,1,6
6,17,0,14,3,1,6
7,12,0,12,0,1,6
8,61,2,57,2,1,6
9,112,0,96,16,1,6
11,12,0,12,0,1,6
12,188,12,154,22,1,6
13,117,2,107,8,1,6
14,118,0,74,44,1,6
15,200,3,142,55,1,6
16,74,0,72,2,1,6
17,13,0,12,1,1,6
18,48,2,40,6,1,6
19,98,0,89,9,1,6
20,57,0,56,1,1,6
21,90,0,87,3,1,6
22,251,23,155,73,1,6
23,37,1,36,0,1,6
24,43,1,35,7,1,6
25,149,1,84,64,1,6
26,306,18,205,83,1,6
27,7,0,7,0,1,6
28,38,0,27,11,1,6
29,89,0,75,14,1,6
30,37,2,26,9,1,6
31,154,2,147,5,1,6
32,151,0,139,12,1,6
33,203,5,132,66,1,6
34,134,0,131,3,1,6
35,160,0,133,27,1,6
36,2,0,1,1,1,6
37,197,0,183,14,1,6
38,5,0,4,1,1,6
39,35,0,34,1,1,6
40,317,4,195,118,1,6
41,84,0,83,1,1,6
42,68,5,53,10,1,6
43,13,0,13,0,1,6
44,15,0,14,1,1,6
45,198,0,188,10,1,6
47,53,0,52,1,1,6
48,110,9,87,14,1,6
49,76,1,22,53,1,6
3,30,3,17,10,4,1
4,5,2,3,0,4,1
5,1,0,1,0,4,1
8,1,1,0,0,4,1
9,3,1,2,0,4,1
12,42,5,32,5,4,1
13,20,2,16,2,4,1
15,28,2,22,4,4,1
16,13,0,12,1,4,1
17,9,3,6,0,4,1
23,24,11,13,0,4,1
24,65,3,55,7,4,1
29,6,1,1,4,4,1
31,2,0,2,0,4,1
32,1,0,1,0,4,1
34,25,5,14,6,4,1
35,76,10,53,13,4,1
37,11,0,11,0,4,1
40,2,0,2,0,4,1
41,24,4,13,7,4,1
42,57,2,49,6,4,1
45,1,0,1,0,4,1
0,62,20,39,3,3,10
3,46,19,24,3,3,10
4,4,1,3,0,3,10
5,1,0,1,0,3,10
8,19,0,18,1,3,10
9,19,2,17,0,3,10
12,35,1,32,2,3,10
14,5,0,3,2,3,10
15,1,0,0,1,3,10
16,7,0,0,7,3,10
17,36,7,25,4,3,10
18,2,0,2,0,3,10
19,2,0,2,0,3,10
21,1,0,1,0,3,10
23,63,25,27,11,3,10
24,5,0,5,0,3,10
28,4,0,4,0,3,10
31,3,0,3,0,3,10
34,4,0,3,1,3,10
35,21,11,8,2,3,10
37,15,0,11,4,3,10
41,4,0,1,3,3,10
42,55,30,10,15,3,10
45,4,1,3,0,3,10
46,8,0,8,0,3,10
47,3,0,3,0,3,10
48,25,0,19,6,3,10
0,127,6,117,4,2,4
3,89,4,62,23,2,4
4,1,0,1,0,2,4
5,121,24,36,61,2,4
6,7,0,7,0,2,4
7,2,0,2,0,2,4
8,18,0,16,2,2,4
9,95,7,86,2,2,4
11,7,0,7,0,2,4
12,50,14,19,17,2,4
13,2,0,2,0,2,4
14,6,1,1,4,2,4
15,237,32,82,123,2,4
16,20,6,13,1,2,4
17,81,17,55,9,2,4
18,5,0,4,1,2,4
19,41,3,37,1,2,4
20,5,0,5,0,2,4
21,14,0,12,2,2,4
22,12,8,2,2,2,4
23,171,44,121,6,2,4
24,62,3,49,10,2,4
25,7,0,4,3,2,4
26,117,16,36,65,2,4
27,6,0,4,2,2,4
28,15,0,15,0,2,4
29,28,0,28,0,2,4
30,95,13,26,56,2,4
31,42,0,42,0,2,4
32,57,1,37,19,2,4
33,3,1,1,1,2,4
34,3,0,3,0,2,4
35,101,7,43,51,2,4
37,62,2,57,3,2,4
39,74,7,54,13,2,4
40,48,8,37,3,2,4
41,106,19,84,3,2,4
42,581,42,221,318,2,4
43,14,0,11,3,2,4
44,10,0,10,0,2,4
45,135,2,128,5,2,4
46,2,0,2,0,2,4
47,8,1,7,0,2,4
48,33,0,18,15,2,4
49,17,1,11,5,2,4
0,9,0,8,1,4,8
2,15,1,12,2,4,8
3,23,0,21,2,4,8
4,5,0,5,0,4,8
5,2,0,2,0,4,8
6,17,0,16,1,4,8
7,6,1,3,2,4,8
8,43,2,36,5,4,8
9,46,0,37,9,4,8
11,3,0,3,0,4,8
12,10,0,8,2,4,8
13,3,0,0,3,4,8
14,7,2,1,4,4,8
15,64,3,20,41,4,8
16,16,0,7,9,4,8
17,54,0,52,2,4,8
18,6,0,6,0,4,8
19,61,0,49,12,4,8
20,40,0,37,3,4,8
21,3,0,3,0,4,8
22,44,3,32,9,4,8
23,39,0,34,5,4,8
24,75,0,42,33,4,8
25,6,0,4,2,4,8
26,63,0,21,42,4,8
27,15,0,14,1,4,8
28,20,0,14,6,4,8
29,41,0,30,11,4,8
30,23,0,15,8,4,8
31,90,0,81,9,4,8
32,53,1,47,5,4,8
33,23,0,20,3,4,8
35,86,0,40,46,4,8
36,2,0,1,1,4,8
37,81,0,73,8,4,8
38,1,0,1,0,4,8
39,48,0,41,7,4,8
40,48,5,28,15,4,8
41,15,0,12,3,4,8
42,202,1,138,63,4,8
43,11,2,8,1,4,8
44,9,0,8,1,4,8
45,101,0,85,16,4,8
46,3,0,3,0,4,8
47,18,0,14,4,4,8
48,3,1,1,1,4,8
49,24,0,2,22,4,8
0,50,11,37,2,0,11
2,3,0,0,3,0,11
3,7,0,6,1,0,11
4,2,1,0,1,0,11
6,1,0,0,1,0,11
8,11,2,9,0,0,11
9,17,6,11,0,0,11
15,1,0,1,0,0,11
17,22,10,10,2,0,11
18,1,0,1,0,0,11
20,1,0,0,1,0,11
23,82,41,27,14,0,11
24,8,1,7,0,0,11
25,1,0,1,0,0,11
35,5,1,4,0,0,11
36,2,0,2,0,0,11
41,15,0,15,0,0,11
42,1,0,1,0,0,11
0,1,1,0,0,4,10
2,1,1,0,0,4,10
4,1,0,1,0,4,10
8,5,0,5,0,4,10
17,11,7,3,1,4,10
21,3,0,0,3,4,10
23,24,9,14,1,4,10
32,1,0,1,0,4,10
36,1,1,0,0,4,10
37,1,0,1,0,4,10
39,1,1,0,0,4,10
42,1,0,0,1,4,10
0,127,23,93,11,0,3
3,32,3,18,11,0,3
4,3,1,2,0,0,3
5,12,0,11,1,0,3
6,2,0,1,1,0,3
7,14,1,13,0,0,3
8,113,2,107,4,0,3
9,145,11,127,7,0,3
11,1,0,1,0,0,3
12,17,2,3,12,0,3
13,13,0,11,2,0,3
14,18,0,10,8,0,3
15,128,6,63,59,0,3
16,21,2,18,1,0,3
17,162,19,105,38,0,3
19,63,2,61,0,0,3
20,16,0,14,2,0,3
22,5,0,0,5,0,3
23,235,71,149,15,0,3
24,109,40,42,27,0,3
25,2,0,2,0,0,3
26,30,0,12,18,0,3
27,1,0,1,0,0,3
29,26,0,26,0,0,3
30,5,0,1,4,0,3
31,27,1,22,4,0,3
32,225,17,201,7,0,3
34,66,7,56,3,0,3
35,95,21,45,29,0,3
37,107,14,79,14,0,3
39,106,6,99,1,0,3
40,1,0,1,0,0,3
41,19,0,14,5,0,3
42,343,34,140,169,0,3
43,4,0,3,1,0,3
45,185,19,163,3,0,3
46,1,0,1,0,0,3
47,47,0,40,7,0,3
48,3,0,1,2,0,3
49,8,1,6,1,0,3
0,16,0,16,0,0,8
2,49,4,37,8,0,8
3,10,0,9,1,0,8
4,12,1,10,1,0,8
5,49,4,15,30,0,8
6,6,1,4,1,0,8
7,1,0,0,1,0,8
8,9,0,9,0,0,8
9,39,0,34,5,0,8
11,9,0,5,4,0,8
12,50,2,29,19,0,8
13,14,0,13,1,0,8
14,81,6,54,21,0,8
15,54,3,18,33,0,8
17,11,1,9,1,0,8
18,4,0,0,4,0,8
19,4,0,4,0,0,8
20,5,0,5,0,0,8
21,51,0,41,10,0,8
22,98,4,68,26,0,8
23,13,0,13,0,0,8
24,26,0,5,21,0,8
25,18,0,11,7,0,8
26,105,2,28,75,0,8
27,8,0,7,1,0,8
29,5,0,5,0,0,8
30,8,0,3,5,0,8
31,17,1,14,2,0,8
32,49,33,9,7,0,8
33,79,0,36,43,0,8
34,48,0,41,7,0,8
35,15,0,13,2,0,8
36,4,1,2,1,0,8
37,37,0,32,5,0,8
39,25,3,18,4,0,8
40,66,6,30,30,0,8
41,14,0,13,1,0,8
42,32,4,25,3,0,8
43,5,0,4,1,0,8
44,1,0,0,1,0,8
45,77,0,73,4,0,8
46,1,0,0,1,0,8
47,3,0,3,0,0,8
48,39,2,29,8,0,8
49,29,9,8,12,0,8
0,39,14,23,2,3,1
3,15,1,14,0,3,1
4,1,0,1,0,3,1
7,1,0,1,0,3,1
9,6,0,6,0,3,1
16,13,1,12,0,3,1
17,1,0,1,0,3,1
23,21,0,18,3,3,1
24,4,0,4,0,3,1
25,1,0,1,0,3,1
29,9,0,9,0,3,1
31,2,0,2,0,3,1
32,1,0,1,0,3,1
35,3,0,3,0,3,1
37,2,0,2,0,3,1
39,3,0,3,0,3,1
41,13,0,12,1,3,1
42,20,0,8,12,3,1
49,1,0,1,0,3,1
0,27,13,9,5,3,9
2,28,2,20,6,3,9
3,37,0,5,32,3,9
4,4,1,3,0,3,9
5,3,0,1,2,3,9
8,8,4,2,2,3,9
9,3,1,2,0,3,9
12,2,0,2,0,3,9
14,4,0,4,0,3,9
15,2,0,1,1,3,9
16,5,0,5,0,3,9
17,9,0,5,4,3,9
18,3,0,3,0,3,9
19,1,0,1,0,3,9
21,2,0,2,0,3,9
22,5,0,4,1,3,9
23,37,7,12,18,3,9
24,4,0,0,4,3,9
26,20,0,18,2,3,9
28,5,0,5,0,3,9
30,2,0,0,2,3,9
31,2,0,2,0,3,9
32,3,0,2,1,3,9
34,1,0,0,1,3,9
35,15,0,8,7,3,9
36,2,2,0,0,3,9
37,1,0,1,0,3,9
40,4,0,2,2,3,9
41,13,0,13,0,3,9
42,59,3,48,8,3,9
43,4,0,0,4,3,9
45,5,0,0,5,3,9
48,27,13,14,0,3,9
0,88,9,72,7,1,2
2,1,0,1,0,1,2
3,38,8,13,17,1,2
4,2,1,1,0,1,2
8,27,6,21,0,1,2
9,41,1,40,0,1,2
12,37,8,9,20,1,2
13,38,1,17,20,1,2
14,25,11,4,10,1,2
15,6,0,0,6,1,2
16,64,4,41,19,1,2
17,9,0,4,5,1,2
19,17,0,17,0,1,2
20,3,0,0,3,1,2
23,67,4,36,27,1,2
24,79,6,9,64,1,2
25,2,0,2,0,1,2
26,7,0,0,7,1,2
29,7,0,7,0,1,2
30,6,4,2,0,1,2
31,24,0,22,2,1,2
32,1,0,1,0,1,2
33,3,0,1,2,1,2
34,37,0,19,18,1,2
35,26,2,10,14,1,2
37,42,0,28,14,1,2
38,1,0,0,1,1,2
39,4,0,3,1,1,2
41,95,14,71,10,1,2
42,76,20,23,33,1,2
44,1,0,1,0,1,2
45,8,0,8,0,1,2
46,3,1,2,0,1,2
47,10,0,8,2,1,2
48,2,1,1,0,1,2
0,76,0,76,0,0,7
2,17,0,16,1,0,7
3,36,1,33,2,0,7
4,7,0,5,2,0,7
5,97,14,18,65,0,7
6,21,0,21,0,0,7
7,20,0,16,4,0,7
8,16,1,15,0,0,7
9,82,0,77,5,0,7
11,10,0,3,7,0,7
12,91,2,80,9,0,7
13,80,1,75,4,0,7
14,58,5,49,4,0,7
15,339,8,241,90,0,7
16,46,0,42,4,0,7
17,1,0,1,0,0,7
18,12,1,9,2,0,7
19,88,0,81,7,0,7
20,45,0,40,5,0,7
21,48,1,40,7,0,7
22,92,15,38,39,0,7
23,8,1,6,1,0,7
24,134,0,112,22,0,7
25,89,1,43,45,0,7
26,168,6,91,71,0,7
27,5,0,5,0,0,7
28,18,0,16,2,0,7
29,70,3,62,5,0,7
30,11,0,5,6,0,7
31,263,2,233,28,0,7
32,186,1,175,10,0,7
33,85,1,22,62,0,7
34,157,1,141,15,0,7
35,94,2,73,19,0,7
36,12,0,6,6,0,7
37,178,0,156,22,0,7
38,5,0,5,0,0,7
39,70,0,60,10,0,7
40,182,3,86,93,0,7
41,67,0,63,4,0,7
42,89,0,68,21,0,7
43,6,0,6,0,0,7
44,11,1,10,0,0,7
45,273,1,255,17,0,7
46,6,0,3,3,0,7
47,50,0,43,7,0,7
48,71,1,51,19,0,7
49,75,2,21,52,0,7
0,99,19,62,18,3,3
3,139,21,59,59,3,3
4,2,1,1,0,3,3
5,18,0,18,0,3,3
6,1,0,1,0,3,3
7,1,0,0,1,3,3
8,77,5,49,23,3,3
9,119,48,54,17,3,3
11,1,0,1,0,3,3
12,45,6,20,19,3,3
13,12,1,11,0,3,3
14,97,11,52,34,3,3
15,200,25,94,81,3,3
16,77,13,61,3,3,3
17,70,7,56,7,3,3
21,10,0,8,2,3,3
22,61,4,12,45,3,3
23,222,36,144,42,3,3
24,79,1,27,51,3,3
26,143,10,72,61,3,3
29,4,0,3,1,3,3
30,6,0,1,5,3,3
31,11,1,10,0,3,3
32,54,0,42,12,3,3
33,5,1,2,2,3,3
34,10,1,9,0,3,3
35,76,1,22,53,3,3
36,1,0,1,0,3,3
37,7,0,7,0,3,3
39,85,20,54,11,3,3
40,70,2,17,51,3,3
41,59,0,53,6,3,3
42,195,11,81,103,3,3
43,3,0,3,0,3,3
45,32,1,20,11,3,3
46,5,0,5,0,3,3
47,1,0,1,0,3,3
48,19,0,5,14,3,3
49,5,0,2,3,3,3
